governorate,target,r_early,r_late,delta_abs_r
Tozeur,production anomaly,-0.5788596536524894,-0.06018313261722656,-0.5186765210352628
Tozeur,yield/ha anomaly,-0.12999554280105713,0.43135229868750763,0.3013567558864505
Kebili,production anomaly,-0.25800835311606835,0.5426840972780419,0.28467574416197355
Kebili,yield/ha anomaly,0.04235973624147624,0.5044942334321384,0.46213449719066213
Gafsa,production anomaly,0.12730179398552904,0.23663391703114114,0.1093321230456121
Gafsa,yield/ha anomaly,0.2769182298078896,0.24319957218419244,-0.03371865762369716
Gabes,production anomaly,-0.43607321349375716,-0.09940795950538056,-0.3366652539883766
Gabes,yield/ha anomaly,-0.42813049113776314,0.3523879794065743,-0.07574251173118884
